{"val_loss": [0.6716220151440104, 0.8023939634340923, 0.520318386079508, 0.5095515409682659, 0.5109438732212588, 0.48550845491795214, 0.5281793609147855, 0.5144302360698527, 0.479681559125375, 0.4532437161574255, 0.5112666516287745, 0.563186933720557, 0.47529627246963885, 0.507357305525202, 0.5084431524594497, 0.5343042745833319, 0.5027887759463273, 0.5129038424723505, 0.5266204671608976, 0.5215250380017201, 0.5388847834395865, 0.5970182568492874, 0.5627429265781657, 4.69082568745592, 0.6050189744272848, 0.7015584420363428, 0.7728491901681396, 0.8512535920730799, 0.9132713275662104, 0.9538469198285121, 0.9958150502861096, 1.0305782051294121, 1.074745461745513, 1.1008377619796563, 1.1374979134378354, 1.2301959892871723, 1.1464977491959565, 1.1413761347424596, 1.218571943566293, 1.2384301071567068, 1.2735324217965927, 1.2816394354051877, 1.346587209804907, 1.3736995904142242, 1.3280994955290277, 1.3214674461849814, 1.332235188715815, 1.3448429235441528, 1.3557560441485375, 1.3668774363985985], "val_acc": [0.744078683187951, 0.7201926936733823, 0.7892412684950566, 0.7936571658447247, 0.7886391006909619, 0.7932557206419949, 0.7884383781853089, 0.7848253714325245, 0.809112806078039, 0.8175431554550054, 0.7966680047934145, 0.7834203131511861, 0.8063026895871463, 0.7988759535280685, 0.7970694500679283, 0.7958651143161708, 0.8046969088480109, 0.8133279807067023, 0.8077077477967007, 0.8135287034516352, 0.8073063027375389, 0.7920513850338055, 0.8040947409721323, 0.45845042155335486, 0.7952629467035001, 0.8105178642875934, 0.8061019672011334, 0.8020875151020511, 0.8020875151020511, 0.8026896827625778, 0.8006824568924967, 0.7980730630747528, 0.8020875151499071, 0.7970694499243602, 0.8012846247683755, 0.7880369330065071, 0.8004817341236358, 0.7988759535519965, 0.7972701727410771, 0.7998795665588211, 0.7962665596624686, 0.7964672822638336, 0.7962665594949726, 0.7986752308070636, 0.7962665595906846, 0.7972701725257252, 0.7986752309267036, 0.7958651143879548, 0.7964672823116895, 0.797671617943807], "loss": [0.6480193493048656, 0.9670037691687623, 0.46811734351382045, 0.4146564052314178, 0.38198300472500596, 0.3639884015337644, 0.4048610268910959, 0.3484833017121333, 0.3299862195060425, 0.30804473271752697, 0.29743624216793263, 0.28777954659889743, 0.28086582541797106, 0.27125713043660177, 0.2603466589604713, 0.2468608239789485, 0.2343041248713545, 0.22920472580990622, 0.22121379833448063, 0.2136778653927855, 0.1982535667547458, 0.19487159661543596, 0.1820550784502787, 0.17503123635089865, 0.17889139084481953, 0.10569985706417521, 0.08662098614189641, 0.07069479033431506, 0.06272163458650738, 0.056353167349847515, 0.05288153103805197, 0.04759426951201748, 0.04604905089511095, 0.040199415679339594, 0.037732975158436245, 0.03691079310368823, 0.03582367859921601, 0.037491552653429204, 0.031518950595855626, 0.03035292443142166, 0.0293368986347877, 0.0268816084645732, 0.02472033247143785, 0.023133163775719525, 0.025212914276546768, 0.018782060792985528, 0.016950641611143284, 0.016664705648530138, 0.015953452203264027, 0.014428023202041104], "acc": [0.7714957695714592, 0.6902471058990746, 0.8108066831607563, 0.8293778062860808, 0.8410763920724398, 0.846177342008913, 0.8357005406405145, 0.8517059164928558, 0.8588228107168699, 0.8665200525367299, 0.8714682794220959, 0.8758667033220198, 0.878188093711775, 0.882097803842512, 0.8883289043666455, 0.8933687650832219, 0.8993860533308897, 0.9025321482042703, 0.9052811631387642, 0.9079079996352852, 0.9143834570390055, 0.9192705947035645, 0.9223556003543175, 0.928159076332802, 0.9257765967195088, 0.9568404655016831, 0.964201716608015, 0.9712880662207154, 0.9741287149882403, 0.9774580775222212, 0.978252237392712, 0.9809707077204437, 0.981337243043465, 0.9839640795381654, 0.9856134884999542, 0.9859189346058097, 0.9864992822034762, 0.9862854699297413, 0.9884235926570757, 0.9884541372674791, 0.989370475579584, 0.9902257246727024, 0.9905311707749168, 0.9913864198662146, 0.9908977061015793, 0.9936467210378938, 0.9940438009731392, 0.9943492470753535, 0.9950212285042305, 0.9948990500626165]}