{"val_loss": [0.7508978620919297, 0.6325857857536092, 1.3546390701421815, 0.5633587257683109, 0.5381516104168511, 0.5066883176361783, 0.5687618441296505, 0.5417715479264246, 0.5654155015466874, 0.5824389726174782, 0.5608872102475558, 0.5465928446523926, 0.6849358354716453, 0.537148376273994, 0.5178920930884824, 0.605160431611112, 0.6107045136413054, 0.6087818047886439, 0.5826941992039185, 0.588083508860773, 0.7469774599010234, 0.6456753448136405, 0.7395638071691497, 0.6299798887496681, 0.6702405320550007, 0.6490196922082874, 0.6864227376181359, 0.7170465466297568, 0.7305185334216348, 0.7557357332879691, 0.7800038909395265, 0.8057464445297712, 0.831542581188205, 0.8349439662797822, 0.8566824813556212, 0.8722021580220992, 0.8830631895028938, 0.8921447754001962, 0.9318207978053726, 0.9301125517287727, 0.9297087975938078, 0.9532145459649075, 0.9597197372431929, 0.9759346876863206, 0.9830940295682284, 0.6473559360219886, 0.7932516322802081, 0.6304196298050622, 0.6834630601523823, 0.5544163048841636], "val_acc": [0.7224006423362523, 0.7641509434919385, 0.5796868726222307, 0.7840224808834969, 0.8036932959129705, 0.799879566534893, 0.8008831795417176, 0.7994781212125233, 0.7958651145315228, 0.7908470493299039, 0.7958651143879548, 0.7948615015007702, 0.7713769570214353, 0.809313528655476, 0.8077077480120527, 0.7870333199278986, 0.7920513850816614, 0.7964672822399055, 0.8026896828343618, 0.7990766761294333, 0.7862304295702949, 0.7856282618619121, 0.7741870735601841, 0.7982737857239738, 0.7942593336248914, 0.8077077479402687, 0.8095142512807689, 0.8083099157922194, 0.8052990767238897, 0.8085106383457283, 0.8075070251953358, 0.8065034123320792, 0.8075070253149758, 0.8079084705177056, 0.807105580207958, 0.8061019671772054, 0.8075070253389037, 0.8073063027136108, 0.8083099157443634, 0.8052990766521058, 0.8057005218309076, 0.804696908919795, 0.8075070253149758, 0.8057005219984036, 0.806904857463025, 0.7503010839499034, 0.7191890805947737, 0.7691690085260613, 0.7617422722755595, 0.7924528302365352], "loss": [0.7431901823262179, 0.45186284983790587, 0.45563072049008596, 0.45330486968243877, 0.38518441403959713, 0.3575011743127639, 0.3417644230664521, 0.3241926314873455, 0.3110769205049107, 0.30841020513383394, 0.2923011502616913, 0.2788024310331753, 0.2738126044224002, 0.27071403116401965, 0.2551259434553796, 0.25320015149437086, 0.2496340642590329, 0.2355792416844685, 0.229343058930855, 0.21724594074679396, 0.21768829893835004, 0.20274022107595646, 0.19639518530386502, 0.1933785594555791, 0.18987616511481265, 0.1358280411116594, 0.11497478610419365, 0.10463422317103477, 0.09886693137200141, 0.09274583389289785, 0.08602821058641338, 0.08175358549727609, 0.0794245261702261, 0.07614025566502193, 0.07119810055076445, 0.0705563350656273, 0.0665256126846286, 0.06381732612591577, 0.06027131524817589, 0.05916523639429154, 0.059213348278063106, 0.055682451031644, 0.0528618104043796, 0.051227751953514304, 0.04973385426371688, 0.7072664798125331, 0.4617832699337324, 0.39425662622352303, 0.36546000231928677, 0.365166830384428], "acc": [0.7417453190384556, 0.8175264974504354, 0.8193897186859588, 0.8173432297889247, 0.8413512935642505, 0.8517670057136627, 0.8531109685705062, 0.8587006322734354, 0.8661840618232017, 0.8676196585112557, 0.8717126363071446, 0.8811203763096002, 0.8808149302073859, 0.8808149302055652, 0.8893368765081401, 0.8892757872882434, 0.8924218821588931, 0.8992027856702894, 0.901127096123889, 0.9058615107382512, 0.9072971074272154, 0.9119398882085465, 0.9167964812608815, 0.9179266318458108, 0.9214087174336297, 0.9438590060801981, 0.9537554598509302, 0.9567488316704726, 0.9591007666697211, 0.9619719600485599, 0.9658816701792968, 0.9656067686856654, 0.9676227129722961, 0.9693943003775193, 0.9714102446641499, 0.9707077186248696, 0.9736705458321879, 0.9748006964189379, 0.976205748495678, 0.9767250068725374, 0.9763279269372919, 0.9779773358999909, 0.9790463972632029, 0.9800238247961147, 0.9809096184996366, 0.7535966278750115, 0.8182595681010295, 0.8376553957054278, 0.8497510614270322, 0.8490485353868414]}