{
  "acc": [
    62.34460429457222,
    74.2631112740157,
    77.15874034026696,
    78.72567885396622,
    79.99938910779193,
    79.87110174409726,
    80.52475640673204,
    81.12037630960018,
    81.53272855004734,
    81.72515959558936,
    82.38797764134519,
    82.47044808943463,
    82.39103210238554,
    82.3268884205382,
    82.44601240111183,
    82.85836464155899,
    83.13326613519044,
    83.12410275206939,
    83.17297412871498,
    83.34707840801491,
    83.44787562234643,
    83.39900424570085,
    83.70750481077614,
    83.55172729771832,
    83.61587097956566,
    84.34283270716882,
    84.24508995387764,
    84.26647118116009,
    83.99462414856899,
    83.78692079782522,
    86.78945600048871,
    87.30260545526741,
    87.60194263722167,
    87.85240844253032,
    88.15785454656526,
    88.13952778032316,
    88.64962277406151,
    88.60380585845627,
    88.67100400134396,
    88.62213262469837,
    88.82372705336144,
    88.84205381960354,
    89.04670270930694,
    89.31244081981734,
    89.43156480039097,
    89.48654509911727,
    89.51098078744006,
    89.55068878096459,
    89.97525886557317,
    90.16158098903449,
    90.03329362533981,
    90.07300161886435,
    90.24405143712391,
    90.51589846971501,
    90.75414643086228,
    90.638076911329,
    90.81523565166927,
    90.82134457374997,
    90.64113137236934,
    91.05348361281652,
    91.82320779498457,
    92.18057973670545,
    92.10421821069673,
    92.22028773023,
    92.27526802895629,
    92.26915910687559,
    92.33024832768258,
    92.52573383426494,
    92.52573383426494,
    92.4921347628211,
    92.52878829530529,
    92.4493723082562,
    92.52267937322459,
    92.69678365252452
  ],
  "loss": [
    1.3607315389963333,
    0.7233628690155456,
    0.6136537171987584,
    0.5476795604045037,
    0.503782898071222,
    0.5113869906781474,
    0.49231683678226545,
    0.4694035780412378,
    0.4525607505493099,
    0.4502901725791162,
    0.43193306983448565,
    0.43554399072309025,
    0.43150045482616406,
    0.43066407871083356,
    0.4304329125880031,
    0.4230749613052467,
    0.4147073195781559,
    0.4126676438609138,
    0.40909159628790803,
    0.4047877222765237,
    0.40312948152131867,
    0.4043856546340976,
    0.39859369561600033,
    0.40137583402974997,
    0.3977603964449372,
    0.382415545755066,
    0.38527526473626494,
    0.3806592114560772,
    0.3865491338947322,
    0.3889319855516078,
    0.32441503580776043,
    0.3013423814991256,
    0.2929727786395233,
    0.2870824875571998,
    0.2853378745348891,
    0.2811310452816542,
    0.274696246633539,
    0.26845219507231377,
    0.2662800356047228,
    0.2716808942495845,
    0.26375716614711564,
    0.26522181718610227,
    0.26096350216539577,
    0.25435571039270144,
    0.2507986233831616,
    0.25045602944737766,
    0.24964570679003373,
    0.24779566364304628,
    0.24156374130689073,
    0.23864390730159357,
    0.24310159198648762,
    0.23653009558620397,
    0.23492896686366294,
    0.23121810180600733,
    0.2274206557776779,
    0.2277042894711485,
    0.22604762014816515,
    0.22295016457792372,
    0.22288800581918622,
    0.2168909724787227,
    0.20581973767548334,
    0.20169757098483387,
    0.1998383301688591,
    0.196414881356759,
    0.19779011009813985,
    0.19324514135951176,
    0.19266600729315542,
    0.18991668848320842,
    0.19099060060398187,
    0.18894908153743017,
    0.18914809344278183,
    0.18866270876605995,
    0.19088625529548153,
    0.18589912018796895
  ],
  "val_acc": [
    73.66519470092332,
    78.40224809313528,
    77.94058610999599,
    78.44239261340827,
    77.80008028904055,
    80.28904054596548,
    79.92773986350863,
    80.32918506623845,
    80.81091930951425,
    79.18506623845845,
    81.372942593336,
    80.99156965074268,
    81.07185869128864,
    80.57005218787636,
    80.59012444801284,
    80.75070252910477,
    81.11200321156163,
    81.6338819751104,
    81.413087113609,
    81.39301485347251,
    80.73063026896828,
    81.33279807306303,
    80.08831794460056,
    82.03532717784023,
    80.99156965074268,
    81.43315937374548,
    80.10839020473705,
    81.09193095142513,
    81.07185869128864,
    79.76716178241671,
    82.47691690084304,
    82.53713368125251,
    82.19590525893216,
    82.25612203934163,
    82.29626655961461,
    82.13568847852268,
    81.67402649538339,
    81.87474909674829,
    81.95503813729425,
    82.15576073865917,
    81.77438779606584,
    81.51344841429145,
    81.11200321156163,
    81.39301485347251,
    81.87474909674829,
    81.69409875551987,
    81.59373745483741,
    81.39301485347251,
    81.05178643115215,
    81.21236451224408,
    81.23243677238057,
    80.63026896828583,
    81.13207547169812,
    81.25250903251707,
    80.46969088719389,
    81.13207547169812,
    80.87113608992372,
    80.59012444801284,
    80.52990766760337,
    80.16860698514652,
    80.67041348855881,
    80.57005218787636,
    80.46969088719389,
    80.9313528703332,
    80.28904054596548,
    80.40947410678443,
    80.52990766760337,
    80.52990766760337,
    80.59012444801284,
    80.4496186270574,
    80.42954636692092,
    80.24889602569249,
    80.36932958651144,
    80.42954636692092
  ]
}